SINGH_NFE2L2_TARGETS,DepMap_ID
8772.64034,ACH-000705
8317.610679,ACH-000062
8280.07363,ACH-000475
8261.140538,ACH-000686
7927.532781,ACH-000311
7897.479496,ACH-000888
7868.052663,ACH-000390
7824.779652,ACH-000463
7813.355492,ACH-000496
7803.854205957471,ACH-000555
7656.263763,ACH-000422
7645.224797584391,ACH-000781
7606.520142,ACH-000171
7487.151862664499,ACH-000589
7295.617387,ACH-000234
7253.806577007859,ACH-000414
7251.822041,ACH-000237
7215.427974608509,ACH-000893
7196.241307,ACH-000690
7186.426158709441,ACH-000250
7091.43606,ACH-000030
7062.294262673209,ACH-000878
7033.799084148261,ACH-000471
7011.393928,ACH-000378
6959.500302459351,ACH-000924
6939.221851,ACH-000701
6939.144418,ACH-000779
6869.6389334019495,ACH-000459
6859.661117,ACH-000447
6818.348401,ACH-001318
6806.960993,ACH-000681
6744.539394517579,ACH-000648
6688.988916,ACH-000521
6677.874345,ACH-001673
6512.899014,ACH-000787
6497.844163657281,ACH-000246
6474.515002478261,ACH-000385
6455.705475268879,ACH-000389
6412.162761601579,ACH-000248
6380.334863,ACH-000478
6359.253686,ACH-000581
6302.968242,ACH-000309
6159.438143,ACH-000484
6152.088364,ACH-000536
6148.926171233559,ACH-000470
6138.219195,ACH-000766
6112.458267863471,ACH-000442
6089.637857,ACH-000726
6050.260677,ACH-000971
6042.205778,ACH-000561
6016.208192538829,ACH-000437
6000.450834,ACH-000573
5967.253549,ACH-000666
5962.016561,ACH-000979
5953.483486633771,ACH-000671
5945.831793,ACH-000744
5929.136077,ACH-000593
5923.120283,ACH-001497
5908.309981,ACH-001377
5855.954198261579,ACH-000650
5826.714628,ACH-000416
5803.8356451236405,ACH-001391
5780.020677,ACH-000404
5769.182747,ACH-001554
5739.326156,ACH-000693
5724.327219,ACH-000793
5694.093568,ACH-000488
5678.68931,ACH-000544
5625.676135033969,ACH-000450
5619.623933,ACH-000603
5616.227241,ACH-000485
5611.638404115711,ACH-000848
5604.497289,ACH-001410
5602.833561,ACH-000852
5602.389702,ACH-001557
5530.265600451421,ACH-000268
5491.14257,ACH-000247
5461.666941,ACH-000381
5446.928283,ACH-000296
5440.957689624671,ACH-001664
5427.457449,ACH-000929
5421.561352,ACH-000272
5396.652897,ACH-001566
5366.027204,ACH-001540
5362.052502,ACH-000887
5353.713456,ACH-000601
5338.629181,ACH-000291
5331.980607,ACH-000393
5319.056025,ACH-000009
5315.678859,ACH-000892
5253.961259067621,ACH-000797
5228.771442,ACH-000117
5226.072717,ACH-000201
5218.944546,ACH-000891
5217.141133,ACH-000676
5200.374032,ACH-000480
5187.2915762024495,ACH-000327
5161.650859,ACH-000282
5157.84859,ACH-000433
5156.472352,ACH-000876
5134.688412,ACH-000982
5125.284313,ACH-000191
5123.355632,ACH-000992
5122.911979,ACH-000934
5103.892559,ACH-000489
5101.436099,ACH-001496
5088.005436,ACH-000571
5071.317434,ACH-000652
5066.647789,ACH-001522
5065.824717209171,ACH-000319
5043.362254,ACH-000329
5022.068912,ACH-000089
5010.923608,ACH-000625
5009.667721,ACH-000215
4993.477286,ACH-000513
4987.906597,ACH-000730
4977.039512,ACH-001460
4961.954521,ACH-002011
4957.100659,ACH-000572
4948.491628,ACH-000827
4948.324886,ACH-000826
4933.321688,ACH-001818
4931.482748,ACH-000792
4931.005925,ACH-000368
4925.894273,ACH-000429
4923.530660443211,ACH-000846
4920.372086,ACH-001715
4895.562268,ACH-000396
4894.454732,ACH-000637
4891.061965,ACH-000550
4882.418704,ACH-000316
4869.285503,ACH-000837
4867.24391,ACH-000709
4865.041661,ACH-000784
4850.569091423889,ACH-000667
4849.124449210661,ACH-000003
4848.449218,ACH-000214
4842.298896097779,ACH-000159
4803.716988,ACH-000532
4801.052343,ACH-000590
4791.312627,ACH-000926
4787.660712,ACH-000663
4784.407522,ACH-000734
4779.488566,ACH-000859
4774.877172,ACH-000706
4765.971462,ACH-000600
4736.162089037151,ACH-000882
4731.787809,ACH-001856
4729.0574,ACH-000835
4727.617938,ACH-000841
4722.261588,ACH-000434
4719.208093,ACH-000615
4718.357231821779,ACH-000679
4717.673757180971,ACH-000951
4715.709151,ACH-001061
4709.910130291029,ACH-000798
4703.5448,ACH-000554
4701.97967,ACH-000579
4680.964017,ACH-000844
4679.0537573316105,ACH-001380
4677.464281,ACH-001067
4676.283914,ACH-000727
4670.821418,ACH-000163
4669.758961,ACH-000633
4666.123318,ACH-000640
4659.237669,ACH-000997
4656.298403,ACH-000605
4651.757464,ACH-000008
4649.808701,ACH-000016
4642.739196,ACH-001382
4635.776647,ACH-000420
4628.571908,ACH-000968
4620.414343,ACH-000495
4616.317329,ACH-000377
4600.025638,ACH-001086
4586.708345,ACH-001360
4579.699736,ACH-000691
4576.414961,ACH-000801
4570.845445,ACH-000917
4570.12464,ACH-000012
4554.050442672949,ACH-000141
4554.027185,ACH-000455
4546.753449,ACH-001532
4543.770764,ACH-000148
4535.305239,ACH-000164
4529.417301,ACH-000482
4524.070605,ACH-000614
4520.496007,ACH-000359
4518.324058,ACH-000352
4485.389646,ACH-000262
4470.699607,ACH-000160
4465.189292,ACH-001368
4462.986566,ACH-001375
4460.486333821429,ACH-000683
4459.798348,ACH-000831
4459.675686,ACH-000395
4447.56181,ACH-000731
4445.625475,ACH-001207
4445.039283,ACH-000503
4442.446139,ACH-000915
4430.212497,ACH-000872
4429.826861,ACH-000239
4427.069424,ACH-000017
4423.463869,ACH-000235
4423.221804,ACH-000674
4408.09795509274,ACH-000959
4405.846505,ACH-000828
4405.762055,ACH-000954
4392.3317436240895,ACH-000861
4391.65619,ACH-000811
4388.709929,ACH-000199
4388.546858011479,ACH-000098
4384.641117,ACH-000125
4378.334084,ACH-000916
4374.57548,ACH-000700
4373.421465,ACH-000224
4372.642446630661,ACH-000752
4372.055685,ACH-001494
4358.1502025236405,ACH-000240
4353.413962,ACH-000317
4339.328458,ACH-000219
4333.746522,ACH-000851
4326.677498897179,ACH-000742
4316.897870607279,ACH-000303
4315.565625066621,ACH-000348
4313.844342,ACH-000665
4309.82539,ACH-001190
4309.389103,ACH-001650
4306.845858787539,ACH-000086
4296.715784,ACH-000036
4286.0197973799495,ACH-000609
4283.188013,ACH-000022
4263.511325,ACH-000270
4259.380357,ACH-000539
4256.7080474063705,ACH-000540
4256.616609,ACH-000387
4255.608279719129,ACH-000733
4250.158819,ACH-000454
4244.432632,ACH-000444
4241.276915,ACH-000493
4240.6525108222495,ACH-000384
4238.047774,ACH-001624
4236.563383,ACH-000217
4236.406515,ACH-000714
4232.124552,ACH-000418
4230.019637425129,ACH-000481
4229.795936,ACH-000719
4224.980347708811,ACH-000986
4221.404866,ACH-000814
4218.030816,ACH-000526
4210.8405780617,ACH-000566
4210.010447,ACH-001645
4209.701497767171,ACH-000886
4209.232207,ACH-000725
4209.158873850321,ACH-000936
4207.861953,ACH-000708
4194.207348517751,ACH-000134
4185.875007673239,ACH-000305
4185.431572,ACH-000819
4178.230024,ACH-000465
4171.811822,ACH-000121
4171.717496952199,ACH-000761
4167.942479139329,ACH-000342
4166.413625,ACH-000537
4164.540821,ACH-001411
4157.2032699191295,ACH-001458
4148.33701657326,ACH-000963
4141.351724,ACH-000739
4140.097414,ACH-000785
4129.211413,ACH-000150
4127.813220460371,ACH-000067
4113.919385,ACH-000428
4111.879261,ACH-000325
4103.971598,ACH-000284
4101.9083919698405,ACH-000491
4101.393037,ACH-000023
4090.3418918430298,ACH-000720
4086.1955569068105,ACH-000894
4072.8137136703294,ACH-000756
4068.106083,ACH-000869
4067.218294,ACH-000985
4064.722338,ACH-001654
4058.140069,ACH-000025
4049.7738810697206,ACH-000273
4037.985805391,ACH-000764
4034.041434,ACH-000713
4033.439877,ACH-000154
4025.735462,ACH-000885
4022.19315399941,ACH-000516
4019.853637,ACH-001836
4016.9107770122296,ACH-000119
4014.907324,ACH-000211
4013.56610369838,ACH-000438
4011.279532,ACH-000563
4001.988579352871,ACH-001416
3999.999658,ACH-000547
3991.057324,ACH-000624
3988.140255,ACH-000840
3979.522241,ACH-000946
3978.0880602111497,ACH-000529
3975.478776,ACH-000722
3961.9013442642095,ACH-000788
3960.5751188332897,ACH-001232
3959.6586417834296,ACH-000820
3956.726014,ACH-000574
3953.57116676254,ACH-000775
3948.3332748604207,ACH-000721
3947.8818543981897,ACH-001521
3945.08500984672,ACH-000091
3939.22682592676,ACH-000165
3922.821821,ACH-000850
3917.630639,ACH-000975
3915.76278078038,ACH-000043
3914.9938715163103,ACH-000737
3914.152696,ACH-000531
3913.215799,ACH-000618
3908.6427113185705,ACH-000058
3906.754211,ACH-000994
3898.08920777966,ACH-000114
3893.3137980402,ACH-000825
3888.696909,ACH-000668
3887.2205067172704,ACH-000863
3886.651154,ACH-000229
3884.404363,ACH-000194
3881.235419,ACH-000035
3879.744266,ACH-000275
3878.8203184661897,ACH-000253
3878.05201997328,ACH-001390
3877.733946,ACH-000286
3876.747132,ACH-000950
3873.0309307244897,ACH-000906
3866.70823,ACH-001274
3858.13344,ACH-000216
3857.641753,ACH-000919
3856.4199973974296,ACH-001336
3855.183633,ACH-001379
3852.056207,ACH-000200
3849.9536440778206,ACH-000029
3847.107535,ACH-000834
3844.0618714399898,ACH-000088
3842.407006,ACH-000684
3836.17360263528,ACH-000037
3835.699566,ACH-000688
3827.639838,ACH-000131
3823.895199,ACH-000252
3822.059715,ACH-000857
3817.463322,ACH-000628
3816.30624,ACH-000983
3814.644205801421,ACH-000940
3805.578155,ACH-001559
3805.531172,ACH-000324
3801.7799021747496,ACH-001310
3792.161432,ACH-000941
3789.3555533339295,ACH-000347
3784.282533,ACH-000161
3781.9171712999114,ACH-001408
3781.565808,ACH-000356
3781.230281,ACH-000768
3781.2180768187104,ACH-000300
3775.694296,ACH-000320
3775.603554181721,ACH-000629
3772.247144840821,ACH-001536
3771.156796,ACH-000903
3769.901494,ACH-000644
3768.90527380782,ACH-000046
3768.80412408736,ACH-001415
3767.128208463929,ACH-000014
3752.595937,ACH-000082
3752.053470745921,ACH-000818
3751.01712935504,ACH-000998
3750.02154647018,ACH-001568
3749.565904,ACH-000280
3747.085432,ACH-000403
3742.146386,ACH-000760
3741.792433,ACH-000642
3737.48873,ACH-000639
3736.97833,ACH-000449
3733.01919178158,ACH-000545
3721.5368505833794,ACH-000361
3720.9660416240495,ACH-000172
3712.7775698432897,ACH-000075
3710.7561533387297,ACH-000184
3705.8953398312105,ACH-001402
3705.657651,ACH-000632
3699.1885599522207,ACH-000824
3682.692219,ACH-000587
3677.980701,ACH-000817
3675.11545,ACH-000899
3673.6273088816,ACH-000716
3673.317257,ACH-000307
3671.832384,ACH-000883
3667.554202,ACH-000063
3663.689908,ACH-001412
3660.1276554609294,ACH-000222
3659.719837,ACH-001456
3656.315704,ACH-000755
3653.8920377854,ACH-001332
3652.280624,ACH-000653
3651.037505,ACH-000185
3648.26145149118,ACH-000558
3647.88876590322,ACH-000135
3642.47899,ACH-000111
3640.174788553221,ACH-000651
3636.7349111034714,ACH-000927
3636.287733,ACH-000288
3633.0098429735694,ACH-000109
3632.28234162697,ACH-000562
3632.036833367029,ACH-001078
3627.322428595901,ACH-000677
3624.9274892831104,ACH-000180
3620.214706,ACH-000966
3619.094027,ACH-000862
3608.2756955492896,ACH-000556
3606.08410903366,ACH-001407
3605.3419581241706,ACH-000251
3601.4867984310104,ACH-000092
3600.835533,ACH-000808
3599.2417363387704,ACH-000699
3598.577971,ACH-000598
3593.40077,ACH-000849
3589.6191300368896,ACH-000580
3585.260807,ACH-000314
3583.4541650166707,ACH-001413
3579.290488,ACH-000623
3578.3450446396505,ACH-000655
3578.088747,ACH-000080
3577.241821,ACH-000007
3572.026462,ACH-000697
3571.805889,ACH-000958
3571.7467943801503,ACH-000412
3570.50671,ACH-001555
3568.915387,ACH-000464
3567.9987794278004,ACH-000448
3565.203311,ACH-000796
3562.666742,ACH-001356
3554.752519,ACH-000186
3553.4517883613503,ACH-000931
3548.3041994412297,ACH-000106
3537.8650620452795,ACH-000425
3530.572038,ACH-001558
3530.23298,ACH-000908
3524.70684828428,ACH-000142
3516.326905,ACH-000333
3513.350164,ACH-001857
3511.4421595994204,ACH-000746
3507.5480053290003,ACH-000413
3505.1259242413003,ACH-000328
3503.16431,ACH-000223
3495.59157258212,ACH-000230
3490.496029,ACH-000813
3489.9045632597304,ACH-001328
3485.039625,ACH-000225
3484.547936,ACH-000400
3483.950759,ACH-000380
3483.326815,ACH-000880
3480.630141,ACH-000627
3474.236251,ACH-001848
3472.392837,ACH-000094
3468.760698,ACH-001142
3466.571964,ACH-001548
3463.122737,ACH-001414
3462.475362,ACH-000647
3457.016772,ACH-000822
3455.572081,ACH-000925
3449.663148,ACH-000685
3447.137079,ACH-000949
3440.9971460494103,ACH-000173
3440.163246,ACH-000127
3436.666142,ACH-000957
3432.590058,ACH-000829
3431.93536,ACH-000604
3428.628065,ACH-000535
3426.622645,ACH-000810
3426.2973525722805,ACH-000079
3424.9768463120195,ACH-000407
3420.872102,ACH-000898
3415.99007116264,ACH-000047
3413.494799,ACH-000178
3410.2589946208504,ACH-000763
3409.888631,ACH-001075
3406.764042,ACH-001610
3403.478048,ACH-000410
3401.731118,ACH-000542
3399.770798,ACH-001183
3398.5703051550604,ACH-000836
3397.599036,ACH-000897
3395.8161186732696,ACH-000340
3386.260562,ACH-000907
3380.174557,ACH-000845
3374.6907995986303,ACH-000360
3368.263314,ACH-000242
3367.04833127296,ACH-000232
3367.004508,ACH-000176
3363.5940202113898,ACH-000306
3362.6488217864803,ACH-000260
3353.512555,ACH-000630
3352.460291,ACH-000608
3348.924412,ACH-000522
3345.266716719289,ACH-000265
3338.990413,ACH-000732
3338.5681678784304,ACH-000694
3338.0309351304804,ACH-000895
3336.3339025218897,ACH-000715
3336.0460334779305,ACH-001849
3326.415626,ACH-000773
3323.2295533706297,ACH-000353
3322.858692,ACH-000553
3321.389015,ACH-000144
3317.9862962520897,ACH-000468
3317.830829,ACH-000923
3316.8078810906104,ACH-000264
3314.4981522578496,ACH-000900
3312.9582164110498,ACH-000207
3309.984157,ACH-000435
3306.03259,ACH-000790
3303.957774,ACH-000494
3302.6853263386,ACH-000033
3301.560405,ACH-000704
3299.31900479772,ACH-000696
3294.077755,ACH-000577
3291.638732,ACH-000858
3290.853427,ACH-001552
3290.36611,ACH-000807
3282.393686,ACH-001409
3276.3803926647,ACH-000912
3274.4907259213896,ACH-000999
3270.889675,ACH-000479
3269.876769,ACH-000337
3267.375192,ACH-000595
3262.7929334672604,ACH-000090
3255.48639,ACH-000930
3253.47981035108,ACH-000339
3250.1691647778803,ACH-001647
3247.322412,ACH-000040
3245.81492040814,ACH-000868
3245.4124601931603,ACH-001369
3245.015807,ACH-000255
3241.7761808429805,ACH-000833
3240.987372,ACH-000392
3236.215822163,ACH-000097
3234.209394,ACH-000294
3228.530588,ACH-000622
3224.755144,ACH-001346
3216.397797,ACH-001373
3214.826321,ACH-000875
3214.7898206272803,ACH-000511
3206.370407,ACH-000175
3203.533049,ACH-000955
3201.162998,ACH-000383
3193.497231,ACH-000749
3191.825238,ACH-001556
3191.3390270401896,ACH-000060
3188.83613,ACH-001303
3185.3789445912203,ACH-000991
3177.8465714940303,ACH-000374
3174.963126,ACH-001793
3166.264959,ACH-001668
3166.132405,ACH-000083
3154.630287,ACH-000152
3151.460136,ACH-000565
3150.6250597050102,ACH-001048
3150.2948087960303,ACH-000634
3145.5243613261896,ACH-000748
3137.247261,ACH-000344
3136.321334,ACH-000473
3133.570674,ACH-000617
3124.54436,ACH-000988
3124.125757,ACH-000860
3123.211498,ACH-000599
3122.4742310969896,ACH-000188
3119.480839,ACH-000019
3119.203714,ACH-000673
3109.647078,ACH-000241
3104.94373936628,ACH-000970
3103.72055,ACH-000913
3099.127691,ACH-000643
3096.334533,ACH-001814
3095.293621,ACH-000430
3094.872022,ACH-000961
3093.726785,ACH-000738
3086.774419,ACH-000842
3086.569279,ACH-000379
3086.095578,ACH-000543
3084.87576,ACH-000145
3081.7528487488503,ACH-000613
3077.359107,ACH-000889
3076.9904566478003,ACH-000421
3073.175592,ACH-000718
3071.923741,ACH-000976
3067.3916078937104,ACH-000274
3066.152255,ACH-000635
3049.756793,ACH-000576
3047.306303,ACH-000989
3045.7930378117403,ACH-001376
3043.998585,ACH-000279
3042.6011663512604,ACH-001550
3033.18982934352,ACH-000711
3031.869514,ACH-000467
3029.902183,ACH-000933
3029.44118,ACH-000460
3028.5985704738105,ACH-000759
3026.315504,ACH-000753
3023.575732,ACH-001842
3020.926331,ACH-000066
3018.8135267257203,ACH-000439
3018.223004,ACH-000376
3016.014582,ACH-000486
3014.475954,ACH-001530
3012.812829,ACH-000638
3008.4410930479403,ACH-000549
3006.10639,ACH-000049
3005.5716507219704,ACH-000071
3002.436899,ACH-001353
2996.5265958804403,ACH-000987
2988.689267,ACH-000196
2988.2566104450702,ACH-000427
2986.235205,ACH-000527
2979.299918,ACH-000072
2973.9037219982897,ACH-000424
2968.195695,ACH-000626
2964.15912,ACH-000591
2962.211653,ACH-000261
2959.85869,ACH-001454
2959.531163,ACH-000209
2958.7902120238105,ACH-000505
2958.067569,ACH-000466
2956.2256510233697,ACH-000249
2953.837452,ACH-000293
2952.056014,ACH-001344
2949.498724,ACH-000330
2948.984936,ACH-001526
2947.285263,ACH-000018
2944.693411,ACH-000487
2937.3194217233504,ACH-000350
2935.18669318754,ACH-000266
2933.2211860636303,ACH-000596
2930.379369,ACH-000441
2929.592451,ACH-000133
2927.978624,ACH-000867
2913.2440846894606,ACH-000967
2904.375771909989,ACH-000969
2902.440594,ACH-000717
2886.6282071650203,ACH-000575
2885.806452,ACH-000146
2881.0981435544395,ACH-000469
2878.5738845314195,ACH-001340
2875.312774,ACH-000839
2874.9167867127803,ACH-001374
2872.308548,ACH-000006
2868.1705195372,ACH-000570
2866.967628,ACH-000669
2863.252393,ACH-000517
2862.7055237764,ACH-000308
2856.7407651182107,ACH-000143
2854.346406262669,ACH-001960
2852.5426940186303,ACH-000901
2852.52232,ACH-001239
2845.5236523147496,ACH-000301
2844.645266,ACH-000804
2842.214261,ACH-000777
2838.06713891076,ACH-000510
2835.835438,ACH-001838
2833.658821,ACH-000244
2831.4263565253805,ACH-000397
2828.13076091874,ACH-000500
2826.129245516,ACH-000042
2823.019493,ACH-000391
2816.47465,ACH-000318
2814.9067310877504,ACH-000322
2812.37115,ACH-000552
2811.2776658923603,ACH-000476
2810.471467,ACH-000401
2809.3814623124103,ACH-001791
2807.762609,ACH-001607
2799.428225,ACH-001111
2795.473354,ACH-001562
2792.388156,ACH-000724
2782.44309817384,ACH-000028
2780.613851,ACH-000139
2778.873477,ACH-000879
2778.496677,ACH-000783
2766.0908157432395,ACH-000816
2763.585522,ACH-000802
2760.2082823621995,ACH-001399
2754.5634757513103,ACH-000335
2754.15421206714,ACH-000426
2753.972293,ACH-000735
2750.8407271634496,ACH-000364
2750.798928,ACH-000675
2748.211615,ACH-000843
2744.832137,ACH-000812
2742.93455525264,ACH-000408
2733.951061,ACH-000502
2727.212913,ACH-001020
2727.087354,ACH-000490
2726.640243,ACH-000660
2726.159366,ACH-000153
2725.128831,ACH-000002
2723.1806944221103,ACH-000388
2721.8146309070603,ACH-000657
2717.544564,ACH-000054
2716.256738,ACH-000346
2715.2292062983497,ACH-000646
2706.773814,ACH-001205
2698.649967,ACH-001196
2697.560374,ACH-000183
2696.8057452614603,ACH-000423
2693.536074,ACH-000189
2689.828207,ACH-000138
2689.32789,ACH-000126
2688.331678,ACH-000157
2685.524025,ACH-000832
2685.1612203317604,ACH-000039
2673.137538,ACH-001032
2671.2835091466395,ACH-001523
2668.7350444007698,ACH-000021
2668.329668,ACH-000034
2662.5991452767803,ACH-000911
2659.932547,ACH-000947
2656.598408,ACH-000741
2653.874234,ACH-000865
2652.52276474622,ACH-000073
2636.88664262924,ACH-000170
2635.668901,ACH-000943
2627.98272,ACH-000805
2624.908792,ACH-000031
2622.1268122635897,ACH-000501
2621.360627,ACH-000584
2619.011899,ACH-000477
2615.061298,ACH-000195
2614.59097,ACH-000256
2611.016032,ACH-000354
2603.143036,ACH-000809
2601.252967,ACH-000218
2592.316871,ACH-000791
2591.307696,ACH-000451
2587.209673,ACH-000762
2586.831146,ACH-000069
2580.262799,ACH-001538
2577.3004286771,ACH-000332
2574.891523,ACH-000680
2565.533698,ACH-000758
2565.512216,ACH-001341
2565.284145,ACH-001396
2562.526414,ACH-000128
2561.000649,ACH-000417
2550.000307,ACH-000750
2545.017461,ACH-000778
2544.443503,ACH-000881
2535.908535,ACH-000518
2528.887423,ACH-000155
2525.37773,ACH-000208
2522.582341,ACH-000057
2522.0878231130105,ACH-000243
2517.698411,ACH-000661
2514.847092,ACH-000567
2510.8754195792103,ACH-000084
2506.751343,ACH-000233
2506.572836,ACH-000281
2503.671769,ACH-000027
2496.9516422240804,ACH-000167
2490.919932,ACH-000578
2489.5200453379803,ACH-001038
2482.126452,ACH-000557
2477.1777067536605,ACH-000118
2476.160235,ACH-000736
2474.587437,ACH-000498
2471.360203,ACH-000228
2459.548833,ACH-000169
2456.878638,ACH-000504
2453.9187796858605,ACH-000326
2453.681985,ACH-000847
2451.9384961949104,ACH-000838
2445.955043,ACH-000113
2442.106996,ACH-000873
2441.9818646802696,ACH-000662
2439.99027086408,ACH-000338
2439.454454,ACH-000212
2439.0947310639003,ACH-001736
2439.0687281395003,ACH-000116
2437.97918096732,ACH-001278
2437.679107,ACH-000524
2429.289078,ACH-000085
2429.224057,ACH-000087
2425.908544,ACH-000461
2416.554675,ACH-000871
2413.779842,ACH-001524
2412.966722,ACH-000271
2401.801116,ACH-000355
2401.24644,ACH-000238
2400.8137234185897,ACH-000776
2398.192361,ACH-000910
2388.392442,ACH-000351
2388.203341,ACH-000245
2380.0697728418104,ACH-001656
2371.397535,ACH-000765
2369.1127023112804,ACH-000052
2367.87647,ACH-000362
2364.0918880930803,ACH-000452
2355.230279,ACH-000190
2353.5969752732503,ACH-000259
2350.910637,ACH-000564
2350.8433297886104,ACH-000168
2350.832956,ACH-001277
2350.17458,ACH-000457
2341.680785,ACH-000606
2334.410593,ACH-000769
2333.471944,ACH-000582
2333.408716,ACH-000984
2330.73252,ACH-000789
2329.196077,ACH-000162
2325.921531,ACH-000050
2323.751466,ACH-000499
2319.4611202236,ACH-000174
2318.136667,ACH-000551
2314.642065795389,ACH-000336
2314.0157704322896,ACH-000313
2313.381224,ACH-000770
2311.4558165085896,ACH-001561
2306.8722205370605,ACH-000616
2304.621514,ACH-000132
2304.239463,ACH-000864
2303.007543,ACH-000093
2296.62371,ACH-000512
2290.957937,ACH-000129
2289.971197,ACH-000771
2287.609098,ACH-000110
2286.47763905848,ACH-001054
2286.22064,ACH-000821
2282.693456,ACH-000289
2280.579355,ACH-000231
2277.390509,ACH-000670
2274.6726130295897,ACH-000283
2269.34448816282,ACH-001035
2268.367047,ACH-000678
2263.927238,ACH-000757
2261.396275,ACH-001329
2259.6784830877696,ACH-000220
2258.59983027954,ACH-000977
2258.287334,ACH-000267
2255.714877,ACH-000077
2250.507091,ACH-000723
2244.0809546817604,ACH-000005
2235.962384,ACH-000302
2234.8384,ACH-000038
2231.03711,ACH-000794
2229.894759,ACH-000363
2228.427368,ACH-000001
2227.49232047364,ACH-000597
2223.708471,ACH-000013
2214.2876366624105,ACH-000331
2211.665145,ACH-001563
2209.77524,ACH-000149
2198.47135498892,ACH-000978
2197.877651,ACH-000107
2193.1347358031303,ACH-000568
2192.05196,ACH-000853
2185.13006976944,ACH-000914
2173.935494,ACH-000585
2157.396833,ACH-000277
2151.028852,ACH-000158
2149.236226,ACH-000962
2135.9132008831,ACH-000278
2135.5540976685897,ACH-000619
2130.006204,ACH-000687
2128.3523662851003,ACH-000443
2123.735686,ACH-000369
2122.1660305485298,ACH-000096
2113.913674,ACH-000415
2097.3730403594395,ACH-000236
2088.296964,ACH-001301
2084.22952140194,ACH-000041
2083.117392,ACH-000370
2082.731165,ACH-000620
2082.689576,ACH-000064
2081.63287,ACH-000375
2080.618128,ACH-000292
2079.407789,ACH-000205
2076.81896,ACH-000972
2066.658912,ACH-000015
2063.97381,ACH-001500
2061.58562371282,ACH-001057
2052.927763,ACH-000409
2040.1764118882504,ACH-000076
2037.793225,ACH-000310
2033.801929,ACH-000074
2031.9800830117,ACH-001431
2031.307462,ACH-000965
2029.14687173342,ACH-000402
2026.874637,ACH-000747
2024.6149989833104,ACH-001129
2023.056507,ACH-000698
2019.842618,ACH-001300
2019.12028042188,ACH-000276
2013.8834269410504,ACH-000055
2012.511547,ACH-000349
2006.21726037731,ACH-000935
2005.05521137464,ACH-000405
1996.4001522537696,ACH-000419
1990.0600192837803,ACH-000592
1986.739142,ACH-000120
1981.7674686066605,ACH-001529
1977.38478970993,ACH-000304
1975.1446825886896,ACH-000048
1969.734223,ACH-000519
1963.5632067145896,ACH-000534
1961.13950976842,ACH-000546
1959.2842367559,ACH-000631
1952.073151,ACH-000902
1943.70314597964,ACH-000226
1932.14894289722,ACH-000583
1931.03447889674,ACH-001743
1926.608507,ACH-000932
1913.8594729497304,ACH-001060
1910.37726,ACH-000269
1907.02014342154,ACH-000213
1903.768577,ACH-000446
1901.69679817442,ACH-000528
1897.2126521467897,ACH-000774
1894.112142,ACH-000371
1886.716207,ACH-001279
1883.906431,ACH-001295
1883.7601937011104,ACH-000295
1882.487398,ACH-001028
1882.049227,ACH-000689
1879.123879,ACH-000856
1876.293398,ACH-000456
1873.8489147405603,ACH-000299
1872.43218509872,ACH-000177
1870.697682,ACH-000815
1869.749154,ACH-000445
1865.447238,ACH-000004
1861.478928,ACH-000672
1858.587708,ACH-000981
1852.79409236652,ACH-000854
1846.4880228043896,ACH-001611
1845.192751,ACH-001560
1842.14259409076,ACH-000472
1840.945893,ACH-001618
1840.34067,ACH-000458
1837.5898532751896,ACH-000053
1837.51211729602,ACH-001430
1833.2806777608896,ACH-000611
1831.4097280408,ACH-000024
1826.614395,ACH-001148
1825.9755995727,ACH-000654
1816.316891,ACH-000103
1814.138911,ACH-000928
1810.959971,ACH-001128
1809.3865022651603,ACH-001053
1808.07252485752,ACH-000945
1800.958783,ACH-000806
1799.0039423215198,ACH-001280
1798.8300661125302,ACH-000321
1794.098959,ACH-001386
1791.0189810457998,ACH-000290
1788.295722,ACH-000621
1786.947119,ACH-000102
1782.3439869602398,ACH-000702
1779.908831,ACH-000065
1772.105129,ACH-000944
1767.5870911094898,ACH-000952
1754.347147,ACH-000436
1753.2138524514498,ACH-000068
1749.905755,ACH-000508
1743.6328059587302,ACH-000745
1743.114653,ACH-000258
1740.4790639133498,ACH-000641
1736.970917,ACH-000045
1733.332177,ACH-000904
1731.726602,ACH-000800
1730.183109,ACH-000112
1723.3723454801002,ACH-001401
1721.989279,ACH-000707
1711.8547529856305,ACH-001378
1711.462877,ACH-000373
1706.186583,ACH-000751
1694.0742774932598,ACH-001228
1692.943985,ACH-001450
1690.296975,ACH-001029
1688.51246290396,ACH-000607
1684.400486,ACH-000855
1682.70603918473,ACH-000507
1682.598913,ACH-001210
1673.43342570271,ACH-000541
1669.21824008084,ACH-000198
1660.2055075228698,ACH-000533
1657.99702,ACH-000884
1657.289495,ACH-000767
1620.653162,ACH-000181
1610.515296,ACH-000432
1610.168178,ACH-000782
1609.3707787550595,ACH-000588
1606.4287114288502,ACH-000710
1605.07981341469,ACH-000257
1604.551697,ACH-000664
1578.33046,ACH-000728
1577.374977,ACH-001740
1572.5008717386902,ACH-000182
1569.24402103876,ACH-000166
1567.96819,ACH-000394
1565.4481521067598,ACH-000996
1564.013919,ACH-000939
1558.978745,ACH-000530
1555.5905841851902,ACH-000298
1545.2125701879002,ACH-000366
1537.245271,ACH-000287
1536.129257,ACH-000740
1533.22593961932,ACH-000123
1529.225968,ACH-000105
1514.058367,ACH-000147
1513.416732,ACH-001033
1509.63021524202,ACH-000020
1504.987778,ACH-000398
1503.0533459833405,ACH-000263
1501.4751976023902,ACH-000406
1484.504145,ACH-000799
1482.390069,ACH-000061
1481.48732,ACH-000602
1479.257681,ACH-000193
1472.4436504848002,ACH-000645
1465.74422650132,ACH-000754
1465.405679,ACH-000659
1456.111252,ACH-000343
1453.607901,ACH-001031
1444.78234578433,ACH-000059
1444.681343,ACH-000203
1438.0036101286998,ACH-000453
1437.2662982864,ACH-000548
1424.179738,ACH-000692
1418.600438,ACH-000334
1409.5778093600102,ACH-001212
1409.1098414095402,ACH-001485
1406.486867,ACH-001421
1406.31637204472,ACH-001050
1405.249648,ACH-001106
1403.45958683889,ACH-001400
1398.6525974786905,ACH-000192
1393.228216,ACH-001164
1390.4063876588098,ACH-001509
1387.516721,ACH-000204
1386.214278,ACH-000440
1374.348789,ACH-000823
1364.7019395272198,ACH-000594
1364.678491,ACH-000612
1361.188,ACH-000156
1357.846507,ACH-000136
1353.466172,ACH-001745
1344.517891,ACH-000874
1343.545853,ACH-000569
1328.147842,ACH-000509
1327.240023,ACH-000506
1322.52197072818,ACH-000656
1322.303198,ACH-000108
1321.182551,ACH-000772
1316.103595,ACH-000372
1315.257849,ACH-001119
1313.072888,ACH-000993
1304.2228468020098,ACH-000078
1295.989122,ACH-000254
1284.141067,ACH-000658
1281.151452,ACH-000462
1276.87447,ACH-001302
1267.444993,ACH-001192
1265.947973,ACH-001034
1264.696402,ACH-000367
1262.7680737323,ACH-000285
1253.7223744243402,ACH-000221
1244.101638,ACH-000830
1242.51526254729,ACH-000610
1235.9603545684402,ACH-000357
1235.152755,ACH-000140
1230.452968,ACH-000938
1223.6683642131402,ACH-000032
1215.226937,ACH-000341
1210.581546,ACH-001433
1205.752672,ACH-000525
1201.590336,ACH-000386
1200.865486,ACH-001030
1197.9155465989802,ACH-001354
1193.410781,ACH-000297
1190.031837,ACH-000051
1189.911214,ACH-001097
1175.735621,ACH-000151
1171.30457595161,ACH-001145
1160.4628228643198,ACH-001322
1150.691162,ACH-001283
1148.468222,ACH-000964
1144.325975,ACH-000703
1141.920988,ACH-001289
1139.954478,ACH-000122
1111.64484,ACH-000365
1111.220579,ACH-000515
1103.931998,ACH-001163
1103.12009142866,ACH-000187
1102.661548,ACH-000315
1099.76559146787,ACH-000104
1091.825925,ACH-000130
1089.881142,ACH-001392
1081.4852745455198,ACH-000044
1080.497506,ACH-000197
1074.720988,ACH-000124
1071.243501,ACH-000918
1070.676688,ACH-000312
1063.0892037108802,ACH-000890
1056.64975,ACH-000980
1056.169565,ACH-000206
1049.15069,ACH-000345
1048.547771,ACH-000960
1032.128147,ACH-000483
1004.685314,ACH-001367
1003.21908638014,ACH-000909
1002.353195,ACH-001099
995.2315549,ACH-000210
964.257833,ACH-000729
952.7895206324092,ACH-000877
945.1937835,ACH-000179
937.8180572,ACH-001193
934.9284634445488,ACH-000920
926.435389107526,ACH-000922
918.1780628,ACH-001321
906.2404847,ACH-000953
897.8674810995509,ACH-001068
893.4877587,ACH-001333
882.225585,ACH-000081
877.2342324,ACH-000115
875.7609283,ACH-000431
867.6633628163271,ACH-001059
856.1961777,ACH-001211
855.8434774,ACH-000695
850.1554888,ACH-001200
839.8503311,ACH-000099
819.5179963,ACH-000538
812.7097653,ACH-000399
799.2765951,ACH-000202
798.3443373,ACH-000095
790.7889979,ACH-001634
783.7251602,ACH-001750
768.2604947,ACH-000743
767.4278721,ACH-000974
754.4932367,ACH-001109
749.5892553,ACH-000100
740.2561205789431,ACH-000786
736.2408891,ACH-000795
718.9593797,ACH-000492
688.8005309556261,ACH-001134
672.5603666,ACH-001184
671.8850675,ACH-001132
641.4785314,ACH-001275
640.2060859,ACH-001100
628.1618044,ACH-000056
627.8926966,ACH-000636
624.6485555,ACH-000586
604.8615369,ACH-000712
584.6092911,ACH-001765
565.8884689,ACH-000866
539.5213422,ACH-000382
536.1952744,ACH-000995
527.5379774,ACH-000358
520.3533754,ACH-000559
502.313104,ACH-000803
491.5632349,ACH-001735
453.06028870423,ACH-000560
429.0773401,ACH-001677
406.4278333,ACH-000523
399.0191827,ACH-000101
385.8829528,ACH-000870
338.0679401,ACH-000780
327.6080152,ACH-001143
297.0565982,ACH-000937
282.6722344,ACH-000682
257.79713908067004,ACH-000990
219.35503061121003,ACH-000514
203.935697,ACH-001147
78.81514011,ACH-001959
27.98276061423889,ACH-000227
19.384438389525695,ACH-001711
-95.56128634,ACH-001022
-124.8082528,ACH-001197
-142.1461723,ACH-000942
-256.4123106,ACH-001751
-1179.054043,ACH-001366
